{"1":{"sAtK":0.4,"pAtK":0.4,"rAtK":0.020261130297942832,"apAtK":0.4},"2":{"sAtK":0.48,"pAtK":0.36,"rAtK":0.03666389673752181,"apAtK":0.34},"3":{"sAtK":0.54,"pAtK":0.3266666666666667,"rAtK":0.05004489290442454,"apAtK":0.29111111111111104},"4":{"sAtK":0.62,"pAtK":0.315,"rAtK":0.06340877894335842,"apAtK":0.2608333333333333},"5":{"sAtK":0.66,"pAtK":0.29599999999999993,"rAtK":0.07305367971918938,"apAtK":0.23186666666666672},"6":{"sAtK":0.74,"pAtK":0.29999999999999993,"rAtK":0.08882867070568144,"apAtK":0.2176666666666667},"7":{"sAtK":0.76,"pAtK":0.2914285714285715,"rAtK":0.1001657188164616,"apAtK":0.20371428571428574},"8":{"sAtK":0.78,"pAtK":0.285,"rAtK":0.11274106971903423,"apAtK":0.1945},"9":{"sAtK":0.8,"pAtK":0.28222222222222215,"rAtK":0.12488933818484091,"apAtK":0.18671604938271602},"10":{"sAtK":0.82,"pAtK":0.2859999999999999,"rAtK":0.14248616898561908,"apAtK":0.18124444444444446}}