{"1":{"sAtK":0.46,"pAtK":0.46,"rAtK":0.023031960917146176,"apAtK":0.46},"2":{"sAtK":0.58,"pAtK":0.4,"rAtK":0.03978822999946739,"apAtK":0.37},"3":{"sAtK":0.66,"pAtK":0.3933333333333333,"rAtK":0.05680428198893993,"apAtK":0.34222222222222215},"4":{"sAtK":0.76,"pAtK":0.38,"rAtK":0.0746866653701537,"apAtK":0.3079166666666667},"5":{"sAtK":0.76,"pAtK":0.3679999999999999,"rAtK":0.09142075897929516,"apAtK":0.28553333333333336},"6":{"sAtK":0.76,"pAtK":0.3433333333333334,"rAtK":0.10281915647551873,"apAtK":0.26072222222222213},"7":{"sAtK":0.78,"pAtK":0.3228571428571429,"rAtK":0.11242313604216894,"apAtK":0.2373537414965986},"8":{"sAtK":0.78,"pAtK":0.3075,"rAtK":0.12103134340716462,"apAtK":0.22143452380952386},"9":{"sAtK":0.78,"pAtK":0.2933333333333333,"rAtK":0.12828100139688595,"apAtK":0.20769488536155212},"10":{"sAtK":0.8,"pAtK":0.2779999999999999,"rAtK":0.13424760568275407,"apAtK":0.19292539682539675}}